8450;7;2003;2003;1710;3;208500
9600;6;1976;1976;1262;3;181500
11250;7;2001;2002;1786;3;223500
9550;7;1915;1970;1717;3;140000
14260;8;2000;2000;2198;4;250000
14115;5;1993;1995;1362;1;143000
10084;8;2004;2005;1694;3;307000
10382;7;1973;1973;2090;3;200000
6120;7;1931;1950;1774;2;129900
7420;5;1939;1950;1077;2;118000
11200;5;1965;1965;1040;3;129500
11924;9;2005;2006;2324;4;345000
12968;5;1962;1962;912;2;144000
10652;7;2006;2007;1494;3;279500
10920;6;1960;1960;1253;2;157000
6120;7;1929;2001;854;2;132000
11241;6;1970;1970;1004;2;149000
10791;4;1967;1967;1296;2;90000
13695;5;2004;2004;1114;3;159000
7560;5;1958;1965;1339;3;139000
14215;8;2005;2006;2376;4;325300
7449;7;1930;1950;1108;3;139400
9742;8;2002;2002;1795;3;230000
4224;5;1976;1976;1060;3;129900
8246;5;1968;2001;1060;3;154000
14230;8;2007;2007;1600;3;256300
7200;5;1951;2000;900;3;134800
11478;8;2007;2008;1704;3;306000
16321;5;1957;1997;1600;2;207500
6324;4;1927;1950;520;1;68500
8500;4;1920;1950;1317;3;40000
8544;5;1966;2006;1228;3;149350
11049;8;2007;2007;1234;3;179900
10552;5;1959;1959;1700;4;165500
7313;9;2005;2005;1561;2;277500
13418;8;2004;2005;2452;4;309000
10859;5;1994;1995;1097;3;145000
8532;5;1954;1990;1297;3;153000
7922;5;1953;2007;1057;3;109000
6040;4;1955;1955;1152;2;82000
8658;6;1965;1965;1324;3;160000
16905;5;1959;1959;1328;2;170000
9180;5;1983;1983;884;2;144000
9200;5;1975;1980;938;3;130250
7945;5;1959;1959;1150;3;141000
7658;9;2005;2005;1752;2;319900
12822;7;2003;2003;2149;1;239686
11096;8;2006;2006;1656;3;249700
4456;4;1920;2008;1452;2;113000
7742;5;1966;1966;955;3;127000
13869;6;1997;1997;1470;3;177000
6240;6;1934;1950;1176;3;114500
8472;5;1963;1963;816;2;110000
50271;9;1981;1987;1842;0;385000
7134;5;1955;1955;1360;3;130000
10175;6;1964;1964;1425;3;180500
2645;8;1999;2000;1739;3;172500
11645;7;2004;2004;1720;3;196500
13682;10;2006;2006;2945;3;438780
7200;5;1972;1972;780;2;124900
13072;6;2004;2004;1158;3;158000
7200;5;1920;1996;1111;3;101000
6442;8;2006;2006;1370;2;202500
10300;7;1921;1950;1710;3;140000
9375;7;1997;1998;2034;3;219500
9591;8;2004;2005;2473;4;317000
19900;7;1970;1989;2207;3;180000
10665;7;2003;2003;1479;3;226000
4608;4;1945;1950;747;2;80000
15593;7;1953;1953;2287;3;225000
13651;7;1973;1973;2223;3;244000
7599;4;1982;2006;845;2;129500
10141;7;1998;1998;1718;3;185000
10200;5;1954;2003;1086;3;144900
5790;3;1915;1950;1605;3;107400
1596;4;1973;1973;988;2;91000
8475;4;1956;1956;952;2;135750
8635;5;1948;2001;1285;2;127000
10778;4;1968;1968;1768;4;136500
10440;5;1910;1981;1230;2;110000
13000;6;1968;1968;2142;4;193500
4500;6;1998;1998;1337;2;153500
10206;8;2007;2007;1563;3;245000
8892;5;1960;1960;1065;3;126500
8530;7;1995;1996;1474;3;168500
16059;8;1991;1992;2417;4;260000
11911;6;2005;2005;1560;3;174000
3951;6;2009;2009;1224;2;164500
8470;3;1915;1982;1526;2;85000
8070;4;1994;1995;990;3;123600
7200;4;1950;1950;1040;2;109900
8500;5;1961;1961;1235;2;98600
13360;5;1921;2006;964;2;163500
7200;6;1910;1998;2291;4;133900
9337;6;1997;1997;1786;3;204750
9765;6;1993;1993;1470;3;185000
10264;7;1999;1999;1588;3;214000
10921;4;1965;1965;960;3;94750
10625;5;1920;1950;835;2;83000
9320;4;1959;1959;1225;3;128950
10603;6;1977;2001;1610;3;205000
9206;6;1985;1985;1732;3;178000
7018;5;1979;1979;1535;4;118964
10402;7;2009;2009;1226;3;198900
7758;7;1931;1950;1818;4;169500
9375;8;2003;2004;1992;3;250000
10800;4;1885;1995;1047;2;100000
6000;5;1948;1950;789;2;115000
8500;5;1919;2005;1517;3;115000
11751;6;1977;1977;1844;3;190000
9525;6;1954;1972;1855;4;136900
7750;7;2000;2000;1430;3;180000
9965;7;2007;2007;2696;4;383970
21000;6;1953;1953;2259;3;217000
7259;6;1945;2002;2320;3;259500
3230;6;1999;1999;1458;2;176000
11616;5;1962;1962;1092;3;139000
8536;5;2006;2007;1125;2;155000
12376;7;1990;1990;3222;5;320000
8461;6;2005;2006;1456;3;163990
21453;6;1969;1969;988;1;180000
6060;4;1939;1950;1123;3;100000
9464;6;1958;1958;1080;3;136000
7892;6;1993;1993;1199;2;153900
17043;6;1979;1998;1586;3;181000
6780;6;1935;1982;754;2;84500
4928;6;1976;1976;958;2;128000
4388;5;1930;1950;840;3;87000
7590;6;1966;1966;1348;3;155000
8973;5;1958;1991;1053;3;150000
14200;7;1966;1966;2157;4;226000
12224;6;2000;2000;2054;3;244000
7388;5;1959;2002;1327;3;150750
6853;8;2001;2002;1296;2;220000
10335;5;1968;1993;1721;3;180000
10400;7;1970;1970;1682;3;174000
10355;5;1967;1967;1214;3;143000
11070;7;1988;1989;1959;5;171000
9066;8;1999;2000;1852;3;230000
15426;6;1997;1997;1764;3;231500
10500;4;1971;1971;864;3;115000
11645;7;2005;2005;1734;3;260000
8520;5;1952;1952;1385;4;166000
10335;7;1999;1999;1501;3;204000
9100;5;1963;1963;1728;6;125000
2522;6;2004;2006;1709;3;130000
6120;5;1931;1993;875;2;105000
9505;7;2001;2001;2035;3;222500
7500;7;2004;2005;1080;3;141000
6240;5;1936;1950;1344;3;115000
10356;5;1975;1975;969;3;122000
13891;8;2007;2008;1710;2;372402
14803;6;1971;1971;1993;4;190000
13500;6;1960;1975;1252;1;235000
11340;6;1923;1950;1200;4;125000
9600;6;1924;1950;1096;2;79000
7200;5;1950;1950;1040;2;109500
12003;8;2009;2010;1968;4;269500
12552;7;2004;2005;1947;3;254900
19378;7;2005;2006;2462;4;320000
11120;6;1984;1984;1232;3;162500
13688;9;2003;2004;2668;3;412500
12182;7;2005;2005;1541;3;220000
5500;4;1956;1956;882;1;103200
5400;6;1926;2004;1616;3;152000
10106;5;1940;1999;1355;4;127500
10708;5;1955;1993;1867;2;190000
10562;8;2007;2007;2161;3;325624
8244;7;2004;2004;1720;3;183500
16669;8;1981;1981;1707;2;228000
12358;5;1941;1950;1382;2;128500
31770;6;1960;1960;1656;3;215000
5306;7;1987;1987;1767;2;239000
10197;6;1961;1961;1362;3;163000
12416;6;1986;1986;1651;3;184000
12615;6;1950;2001;2158;4;243000
10029;6;1988;1989;2060;4;211000
13650;5;1958;1958;1920;4;172500
17423;9;2008;2009;2234;1;501837
8520;5;1923;2006;968;2;100000
2117;6;2000;2000;1525;3;177000
7588;7;1920;1950;1802;4;200100
9060;5;1957;2006;1340;3;120000
11426;7;2003;2003;2082;3;200000
7438;5;1908;1991;1252;3;127000
22950;10;1892;1993;3608;4;475000
9947;7;1990;1991;1217;3;173000
10410;5;1916;1987;1656;3;135000
7018;5;1979;1979;1224;2;153337
4923;8;2001;2002;1593;0;286000
10570;8;1932;1994;2727;3;315000
7472;7;1972;2004;1479;4;184000
9017;7;1999;1999;1431;3;192000
2522;7;2004;2004;1709;3;130000
7180;5;1972;1972;864;3;127000
2280;6;1976;1976;1456;3;148500
9416;7;2007;2007;1726;3;311872
25419;8;1918;1990;3112;4;235000
5520;6;1912;1950;2229;5;104000
9591;8;2004;2005;1713;3;274900
8546;4;2003;2004;1121;2;140000
10125;6;1977;1977;1279;3;171500
7000;6;1924;1950;1310;2;112000
4438;6;2004;2004;848;1;149000
3500;5;1947;1950;1284;2;110000
11851;7;1990;1990;1442;3;180500
13673;5;1962;1962;1696;3;143900
12493;4;1960;1960;1100;3;141000
14364;7;1988;1989;2062;3;277000
8250;6;1964;1964;1092;3;145000
5604;5;1925;1950;864;2;98000
10420;6;2009;2009;1212;3;186000
8640;7;2009;2009;1852;3;252678
13568;5;1995;1995;990;3;156000
10900;6;1977;1977;1392;3;161750
10011;5;1957;1996;1236;2;134450
8450;7;2004;2004;1436;3;210000
9906;4;1925;1950;1328;3;107000
15660;7;1939;2006;1954;3;311500
3010;7;2005;2006;1248;2;167240
8990;7;2006;2006;1498;2;204900
8068;6;2002;2002;2267;4;200000
11475;6;1975;1975;1552;3;179900
10500;4;1971;1971;864;2;97000
13472;10;2003;2003;2392;3;386250
1680;5;1971;1971;1302;3;112000
9950;7;1995;1995;2520;4;290000
1869;6;1970;1970;987;2;106000
8521;5;1967;1967;912;3;125000
3182;7;2005;2006;1555;2;192500
8760;6;1959;1959;1194;3;148000
15138;8;1995;1996;2794;4;403000
1680;6;1972;1972;987;2;94500
10650;5;1976;1976;894;3;128200
7851;6;2002;2002;1960;4;216500
1680;6;1971;1971;987;2;89500
8773;7;2004;2004;1414;3;185500
9453;7;1993;2003;1744;3;194500
12030;8;2007;2007;1694;3;318000
8741;6;1945;1950;1487;3;113000
9000;8;2008;2008;1566;3;262500
3880;5;1945;1997;866;2;110500
5000;5;1900;1950;1440;3;79000
10762;6;1980;1980;1217;3;120000
8880;7;1994;2002;2110;3;205000
10400;7;1988;1988;1872;3;241500
9142;6;1910;1950;1928;4;137000
11310;6;1954;1954;1375;2;140000
11317;7;2003;2003;1668;3;180000
159000;6;1958;2006;2144;4;277000
5350;3;1940;1966;1306;3;76500
4750;8;2006;2007;1625;2;235000
8366;6;2004;2004;1640;3;173000
9350;6;1964;1991;1302;3;158000
8400;5;1957;1957;1314;3;145000
8738;7;1999;1999;2291;4;230000
8791;6;2003;2003;1728;3;207500
8814;7;2006;2006;1604;3;220000
12435;7;2001;2001;1792;3;231500
12702;5;1956;1956;882;2;97000
19296;6;1962;1962;1382;3;176000
9588;8;2007;2007;2574;3;276000
8471;6;1977;1995;1212;3;151000
5500;5;1929;2001;1316;3;130000
5232;5;1925;2004;764;2;73000
12090;6;1981;1981;1422;3;175500
11207;6;1997;1997;1511;3;185000
8400;5;1939;1997;2192;4;179500
6900;5;1940;1955;778;2;120500
7917;6;1976;1976;1113;3;148000
10728;8;2006;2006;1939;3;266000
39104;7;1954;2005;1363;2;241500
11764;8;1999;2007;2270;4;290000
9600;6;1958;1988;1632;3;139000
8314;5;1982;1982;816;2;124500
7264;7;1925;2007;1548;3;205000
9196;7;2003;2003;1560;3;201000
19138;4;1951;1951;864;2;141000
14450;9;2006;2007;2121;3;415298
10005;7;1977;1977;2022;4;192000
11287;7;1989;1989;1982;3;228500
7200;6;2006;2006;1262;2;185000
5063;7;2007;2008;1314;2;207500
9612;8;2008;2009;1468;3;244600
8012;6;1992;1992;1575;2;179200
4251;7;2006;2007;1250;2;164700
9786;6;1962;1981;1734;3;159000
8125;4;1971;1971;858;3;88000
9819;5;1967;1967;900;3;122000
8730;6;1915;2003;1396;3;153575
15611;8;2006;2006;1919;3;233230
5687;5;1912;2000;1716;6;135900
11409;5;1949;2008;1716;3;131000
16659;7;1977;1994;2263;3;235000
9600;6;1953;1953;1644;3;167000
7937;6;1984;1984;1003;3;142500
13710;5;1950;1950;1558;4;152000
7399;7;1997;1998;1950;3;239000
11700;6;1968;1968;1743;3;175000
14000;6;1950;2004;1152;3;158500
15750;5;1953;1953;1336;2;157000
16226;8;1998;1999;2452;4;267000
13704;7;2001;2002;1541;3;205000
9800;5;1972;1972;894;3;149900
18386;7;1880;2002;3493;3;295000
10386;8;2004;2005;2000;3;305900
13474;7;1990;1991;2243;4;225000
7920;6;1920;1950;1406;3;89500
12342;4;1940;1950;861;1;82500
12378;9;2003;2004;1944;3;360000
7685;6;1993;1994;1501;3;165600
8000;6;1948;2002;972;2;132000
7800;5;1939;1950;1118;3;119900
215245;7;1965;1965;2036;3;375000
9600;7;1925;1990;1641;3;178000
7795;7;2004;2005;1432;3;188500
13005;7;1980;1980;2353;4;260000
9000;8;2006;2006;1959;3;270000
9900;7;1993;1993;2646;4;260000
14115;7;1980;1980;1472;3;187500
16259;9;2006;2006;2596;4;342643
12099;8;2004;2004;2468;4;354000
10380;7;1986;1987;2730;4;301000
5820;3;1955;2005;1163;3;126175
11275;7;1967;2007;2978;5;242000
5000;5;1941;1950;803;2;87000
10846;8;1993;1993;1719;1;324000
11600;6;1960;1960;1383;3;145250
11888;6;1916;1994;2134;5;214500
6402;5;1920;1950;1192;3;78000
10624;5;1964;1964;1728;6;119000
8176;5;1958;1992;1056;3;139000
10655;8;2003;2004;1629;3;284000
8198;7;2004;2004;1358;2;207000
9042;6;1998;1998;1638;3;192000
164660;5;1965;1965;1786;3;228950
14157;9;2005;2006;1922;3;377426
9135;7;2002;2003;1536;3;214000
14145;7;1984;1998;1621;3;202500
12400;6;1958;1998;1215;3;155000
14191;8;2002;2002;1908;4;202900
8400;4;1950;1950;841;2;82000
8544;3;1949;1950;1040;2;87500
8849;9;2005;2005;1684;2;266000
2592;5;1976;1976;1112;3;85000
6435;6;1939;1950;1577;3;140200
12772;6;1960;1998;958;2;151500
17600;6;1960;1960;1478;3;157500
2448;7;2003;2004;1626;2;154000
20431;9;2005;2006;2728;4;437154
7820;9;2007;2007;1869;2;318061
5271;7;1986;1986;1453;2;190000
9084;5;1941;1950;1111;3;95000
8520;6;1928;2003;720;2;105900
8400;6;1940;2000;1595;2;140000
11249;6;1995;1995;1200;3;177500
9248;6;1992;1992;1167;3;173000
4224;5;1976;1976;1142;3;134000
6930;5;1958;1958;1352;3;130000
12011;8;1998;1998;1924;3;280000
7540;6;1978;1978;912;2;156000
9144;5;1940;1982;1505;3;145000
7301;7;2003;2003;1922;4;198500
1680;6;1972;2007;987;2;118000
18800;6;1976;1976;1574;3;190000
10690;5;1920;1997;1344;3;147000
9500;6;1963;1963;1394;3;159000
9150;6;1962;1962;1431;3;165000
7800;5;1954;1954;1268;2;132000
9830;5;1959;2006;1287;3;162000
8121;6;2000;2000;1664;3;172400
17120;4;1959;1959;1588;4;134432
7175;6;1984;1984;752;2;125000
10634;5;1953;1953;1319;3;123000
8200;7;2003;2004;1928;4;219500
10020;1;1922;1950;904;1;61000
8846;5;1996;1996;914;2;148000
11143;8;2004;2005;2466;4;340000
11394;9;2010;2010;1856;1;394432
8123;6;2000;2000;1800;3;179000
5000;5;1924;1950;1691;3;127000
7200;7;2006;2006;1301;2;187750
9245;7;2006;2006;1797;3;213500
9000;6;1928;1950;784;2;76000
53107;6;1992;1992;1953;3;240000
3182;8;2004;2005;1269;2;192000
8410;5;1910;1996;1184;5;81000
7200;6;1976;1976;1125;3;125000
9382;7;1999;2000;1479;3;191000
12474;10;2007;2008;2332;3;426000
8405;5;1900;1950;1367;4;119000
12209;6;2001;2002;1961;3;215000
8339;5;1959;1959;882;3;106500
7446;4;1941;1950;788;2;100000
10134;5;1940;1950;1034;2;109000
9571;5;1956;1956;1144;3;129000
7200;5;1972;1972;894;2;123000
7590;5;1962;1962;1812;4;169500
8967;5;1920;1950;1077;2;67000
8125;7;2006;2007;1550;2;241000
14963;8;1996;1996;1288;1;245500
8767;7;2005;2005;1310;3;164990
10200;5;1940;1997;672;2;108000
12090;8;1998;1998;2263;4;258000
10364;6;1995;1996;1572;3;168000
9991;4;1976;1993;1620;3;150000
10480;6;1936;1950;1639;3;115000
15576;6;1915;1976;1680;4;177000
14154;7;2006;2006;2172;3;280000
10800;8;2007;2008;2078;3;339750
9571;5;1958;1958;1276;3;60000
34650;5;1955;1955;1056;3;145000
4403;7;2009;2009;1478;2;222000
8960;5;1927;1950;1028;2;115000
11228;7;1993;1993;2097;3;228000
8899;7;2007;2007;1340;3;181134
7844;6;1978;1978;1400;3;149500
22420;6;1918;1950;2624;4;239000
8160;5;1940;1950;1134;3;126000
8450;5;1968;1968;1056;3;142000
7060;7;1997;1998;1344;2;206300
16635;6;1977;2000;1602;3;215000
21750;5;1954;1954;988;2;113000
9200;8;1998;1998;2630;4;315000
9000;6;1956;1956;1196;2;139000
3378;7;1946;1992;1389;3;135000
12800;7;1989;1989;1644;2;275000
8593;4;1957;1957;907;3;109008
6762;7;2007;2007;1208;2;195400
11457;6;1988;1988;1412;3;175000
1680;6;1971;1971;987;2;85400
5586;6;1920;1998;1198;4;79900
1920;5;1971;1971;1365;2;122500
10839;6;1997;1998;1604;3;181000
1890;4;1972;1972;630;1;81000
10667;7;1996;1996;1661;3;212000
4400;6;1920;1950;1118;2;116000
6000;6;1926;2004;904;2;119000
4280;5;1913;2002;694;2;90350
12354;6;1920;2000;1196;3;110000
15431;10;2008;2008;2402;2;555000
12108;4;1955;1955;1440;4;118000
6240;5;1930;1992;1573;3;162900
3922;7;2006;2007;1258;2;172500
8750;7;1994;1995;1908;4;210000
9855;6;1956;1956;1689;3;127500
16492;6;1966;2002;1888;2;190000
11214;7;1998;1999;1886;4;199900
8600;6;1937;1950;1376;3;119500
6000;3;1948;2002;1183;2;120000
5684;6;1930;2005;813;2;110000
70761;7;1975;1975;1533;2;280000
9303;6;1996;1997;1756;3;204000
9000;8;2008;2008;1590;3;210000
9297;5;1976;1976;1728;4;188000
9600;7;1973;1973;1242;3;175500
4571;5;1916;1950;1344;4;98000
53227;4;1954;1994;1663;2;256000
5100;8;1925;1996;1666;3;161000
7015;5;1950;1950;1203;3;110000
8004;8;2009;2009;1935;3;263435
7200;7;1936;2007;1135;3;155000
8281;5;1965;1965;864;3;62383
11988;6;1934;1995;1660;3;188700
8430;5;1978;1978;1040;3;124000
3072;7;2004;2004;1414;2;178740
10628;7;1970;1970;1277;2;167000
9480;5;1942;1995;1644;3;146500
11428;8;2006;2006;1634;3;250000
9291;6;1993;1993;1710;3;187000
6820;8;1985;1985;1502;1;212000
11952;7;1977;1977;1969;3;190000
3675;6;2005;2005;1072;2;148000
14977;8;2006;2007;1976;2;440000
5330;8;2000;2000;1652;2;251000
8480;5;1963;1963;970;2;132500
13125;6;1997;1998;1493;3;208900
13693;9;2006;2006;2643;3;380000
10637;8;2007;2008;1718;3;297000
5925;4;1937;2000;1131;2;89471
16033;9;2004;2005;1850;3;326000
11846;9;2003;2004;1792;2;374000
2500;7;1915;2005;1826;4;155000
4500;6;1998;1998;1216;2;164000
7758;5;1962;2001;999;3;132500
9600;5;1950;2007;1113;3;147000
10289;5;1965;1965;1073;3;156000
12243;5;1971;1971;1484;3;175000
10800;5;1900;1970;2414;3;160000
1526;4;1970;2002;630;1;86000
2665;5;1976;1976;1304;3;115000
9490;6;1941;1950;1578;3;133000
15578;6;2006;2006;1456;3;172785
7931;5;1960;1960;1269;3;155000
5784;5;1938;1996;886;2;91300
7879;4;1920;1950;720;2;34900
12692;8;1992;1993;3228;4;430000
9120;7;1925;1950;1820;4;184000
7800;5;1967;2004;899;3;130000
7535;5;1958;1985;912;2;120000
1890;6;1973;1973;1218;3;113000
9803;7;2005;2005;1768;3;226700
9170;5;1965;1965;1214;2;140000
15602;7;1959;1997;1801;1;289000
2308;6;1974;1974;1322;3;147000
7596;5;1952;1952;1960;4;124500
9554;8;1993;1994;1911;3;215000
7862;6;2009;2009;1218;2;208300
9600;7;1928;2005;1378;3;161000
9600;5;1959;1959;1041;3;124500
14559;5;1951;2000;1363;2;164900
6792;7;2005;2006;1368;2;202665
9100;5;1958;1958;864;3;129900
9187;6;1983;1983;1080;3;134000
10594;5;1926;1950;789;2;96500
12220;10;2009;2009;2020;3;402861
10448;6;1972;1972;2119;3;158000
10208;7;1996;1997;2344;3;265000
9531;6;1998;1998;1796;3;211000
10918;7;1926;2004;2080;3;234000
10800;4;1900;2000;1294;3;106250
11988;6;1957;1957;1244;3;150000
5000;6;1947;1950;1664;3;159000
40094;10;2007;2008;4676;3;184750
11787;7;1996;1997;2398;3;315750
7500;7;2005;2005;1266;3;176000
13300;5;1956;2000;928;2;132000
14948;9;2008;2008;2713;3;446261
9098;4;1920;2002;605;2;86000
32668;6;1957;1975;2515;4;200624
10200;6;1988;1989;1509;3;175000
6155;6;1920;1999;1362;3;128000
7200;5;1955;2007;827;2;107500
5000;1;1946;1950;334;1;39300
9056;8;2004;2004;1414;3;178000
7000;5;1910;1991;1347;3;107500
8924;7;1998;1999;1724;3;188000
12735;4;1972;1972;864;3;111250
11553;5;1968;1968;1159;3;158000
11423;8;2001;2002;1601;3;272000
14601;9;2006;2006;1838;2;315000
11000;8;2000;2000;2285;4;248000
10140;7;1998;1999;1680;3;213250
4058;7;1998;1998;767;1;133000
17104;7;2006;2006;1496;3;179665
13837;7;1988;1988;2183;4;229000
8737;6;1923;1950;1635;3;210000
7244;5;1970;1970;768;2;129500
8235;5;1955;1995;825;2;125000
9375;7;2003;2004;2094;4;263000
4043;6;1977;1977;1069;2;140000
6000;5;1957;1957;928;3;112500
11146;8;2006;2006;1717;3;255500
8777;4;1949;2003;1126;2;108000
10625;7;2003;2004;2046;3;284000
6380;5;1922;1950;1048;2;113000
14850;5;1957;1957;1092;2;141000
11040;4;1920;1950;1336;3;108000
21872;7;1996;1997;1446;3;175000
3196;7;2003;2004;1557;2;234000
11341;5;1957;1996;1392;3;121500
10010;5;1974;1975;1389;2;170000
13907;5;1940;1969;996;3;108000
21780;6;1918;1950;1674;4;185000
13346;7;1992;2000;2295;4;268000
6858;6;1915;1950;1647;4;128000
11198;9;2005;2007;2504;4;325000
10171;7;2004;2004;1535;3;214000
12327;8;1983;2009;2132;1;316600
7032;5;1979;1979;943;2;135960
13101;5;1965;1965;1728;6;142600
7332;6;1959;1959;864;2;120000
13159;7;2009;2009;1692;3;224500
9967;7;2000;2000;1430;3;170000
10500;5;1971;2005;1109;3;139000
8480;5;1947;1950;1216;2;118500
6292;7;1928;1950;1477;3;145000
11777;5;1966;1966;1320;3;164500
3604;7;2007;2007;1392;2;146000
12150;5;1954;1954;1795;4;131500
14585;6;1960;1987;1429;3;181900
12704;8;2008;2009;2042;3;253293
11841;6;1990;1990;816;3;118500
13500;10;1893;2000;2775;3;325000
6120;4;1935;1995;1573;3;133000
11443;8;2005;2006;2028;2;369900
10267;6;1918;2000;838;2;130000
8740;5;1982;1982;860;2;137000
25095;5;1968;2003;1473;1;143000
9100;5;1930;1960;935;2;79500
8320;7;2004;2004;1582;3;185900
13478;10;2008;2008;2296;3;451950
6600;5;1982;2003;816;2;138000
4435;6;2003;2003;848;1;140000
7990;5;1975;1975;924;3;110000
11302;8;2005;2006;1826;3;319000
3600;6;1910;1993;1368;3;114504
3922;7;2006;2007;1402;2;194201
12984;5;1977;1977;1647;3;217500
1950;6;1980;1980;1556;3;151000
10927;8;2005;2005;1904;3;275000
9000;6;1937;1950;1375;3;141000
10041;8;1992;1992;1915;3;220000
3182;7;2004;2005;1200;2;151000
12803;7;2002;2002;1494;3;221000
13600;7;1965;1990;1986;3;205000
12464;5;1996;1996;1040;3;152000
7800;5;1948;2002;2008;3;225000
12168;8;1934;1998;3194;4;359100
7943;4;1961;1961;1029;3;118500
11050;9;2000;2000;2153;3;313000
10395;6;1978;1978;1032;3;148000
11885;8;2001;2001;1872;3;261500
8402;5;2007;2007;1120;3;147000
1491;4;1972;1972;630;1;75500
8800;6;1963;1963;1054;3;137500
7861;6;2002;2003;1509;3;183200
7227;6;1954;1954;832;2;105500
11694;9;2007;2007;1828;3;314813
12244;8;2003;2003;2262;4;305000
8248;3;1914;1950;864;2;67000
10800;6;1974;1997;2614;4;240000
7064;5;1977;1977;980;3;135000
2117;6;2000;2000;1512;2;168500
10400;6;1972;1972;1790;4;165150
10000;6;1962;1962;1116;3;160000
12342;5;1960;1978;1422;3;139900
9600;6;1955;1972;1520;3;153000
11606;5;1969;1969;2080;5;135000
9020;6;1964;1964;1350;3;168500
9000;5;1880;1991;1750;3;124000
4590;8;2006;2006;1554;2;209500
11900;7;1977;1977;1411;3;82500
9250;5;1954;2005;1056;3;139400
6979;6;1980;1980;1056;0;144000
10896;6;1914;1995;3395;8;200000
6120;2;1936;1950;800;1;60000
6000;5;1954;1954;1387;3;93000
8777;5;1910;1950;796;2;85000
3982;8;2006;2006;1567;1;264561
12677;8;2003;2004;1518;1;274000
7050;7;2001;2001;1929;3;226000
13860;8;1972;1995;2704;4;345000
10793;5;1969;1969;1620;4;152000
9187;9;2009;2009;1766;2;370878
10530;6;1971;1971;981;3;143250
7200;5;1950;1950;1048;3;98300
10452;6;1953;1953;1094;3;155000
7700;6;1966;1966;1839;4;155000
1936;4;1970;1970;630;1;84500
8125;7;2007;2007;1665;3;205950
9084;4;1940;1950;1510;4;108000
8750;7;1996;1996;1716;2;191000
10320;6;1906;1995;1469;3;135000
10437;8;1995;1995;2113;2;350000
1680;6;1971;1971;1092;3;88000
10007;5;1959;2006;1053;3;145500
7200;7;1931;2000;1502;3;149000
17503;6;1948;1950;1458;3;97500
9937;5;1964;1999;1486;3;167000
12384;7;1976;1976;1935;3;197900
46589;8;1994;2005;2448;4;402000
13560;6;1968;1968;1392;2;110000
10012;4;1972;1972;1181;3;137500
20896;8;2005;2006;2097;1;423000
11194;8;2000;2000;1936;3;230500
18450;6;1965;1979;2380;3;129000
8125;6;1994;1998;1679;3;193500
14175;5;1956;1987;1437;3;168000
11600;4;1922;1950;1180;2;137500
8633;6;2005;2005;1476;3;173500
6629;6;1925;1950;1369;3;103600
11250;6;1977;1977;1208;3;165000
14442;6;1957;2004;1839;3;257500
9200;6;1965;1965;1136;3;140000
2289;6;1978;1978;1441;3;148500
9600;4;1900;1950;1774;4;87000
9022;5;1924;2006;792;2;109500
11844;8;2008;2008;2046;3;372500
9945;5;1961;1961;988;3;128500
8012;6;1980;1980;923;2;143000
4500;5;1932;2000;1520;3;159434
2887;6;1996;1997;1291;2;173000
11248;9;2002;2002;1668;3;285000
16770;7;1998;1998;1839;4;221000
5062;7;1984;1984;2090;3;207500
10207;7;2007;2007;1761;3;227875
5105;7;2004;2004;1102;2;148800
8089;8;2007;2007;1419;2;392000
7577;6;2005;2006;1362;2;194700
4426;6;2004;2004;848;1;141000
21535;10;1994;1995;4316;4;755000
26178;7;1989;1990;2519;4;335000
5400;5;1921;1968;1073;2;108480
6120;5;1936;1950;1539;3;141500
13811;6;1987;1987;1137;2;176000
6000;5;1921;1950;616;2;89000
6420;5;1952;1952;1148;2;123500
8450;5;1965;2009;894;3;138500
4282;7;2004;2004;1391;2;196000
14331;8;2002;2002;1800;3;312500
9600;7;1969;1969;1164;3;140000
12438;8;2006;2006;2576;4;361919
7630;5;1900;1996;1812;4;140000
8400;7;2004;2005;1484;3;213000
5600;4;1930;1950;1092;3;55000
115149;7;1971;2002;1824;2;302000
6240;8;2006;2006;1324;2;254000
9018;7;2007;2007;1456;3;179540
7162;5;1966;1966;904;3;109900
4130;3;1935;2003;729;2;52000
8712;4;1900;1950;1178;2;102776
4671;8;1988;1989;1228;2;189000
9873;4;1970;1970;960;3;129000
13517;6;1976;2005;1479;3;130500
10140;6;1974;1974;1350;3;165000
10800;7;1890;1998;2554;3;159500
10000;5;1973;2000;1178;3;157000
10542;7;1993;1994;2418;3;341000
9920;5;1969;1969;971;3;128500
6563;8;1985;1985;1742;2;275000
4426;6;2004;2004;848;1;143000
8120;4;1970;1970;864;3;124500
8172;4;1954;1972;1470;4;135000
13286;9;2007;2008;1698;3;320000
6960;4;1970;1970;864;3;120500
21695;6;1988;2007;1680;3;222000
7314;7;2007;2007;1232;2;194500
11475;5;1958;1958;1776;4;110000
6240;4;1925;1950;1208;2;103000
5389;8;1995;1996;1616;2;236500
9590;7;2003;2003;1146;3;187500
11404;7;1998;1999;2031;3;222500
10000;5;1961;1983;1144;3;131400
8978;5;1968;1968;948;3;108000
10800;7;1914;1970;1768;2;163000
8544;3;1950;1950;1040;2;93500
10463;8;2005;2005;1801;3;239900
10800;5;1987;1988;1200;3;179000
9313;7;2004;2004;1728;3;190000
9600;5;1910;2002;1432;2;132000
6768;6;1961;1996;912;3;142000
8450;7;2000;2001;1349;3;179000
12886;5;1963;1999;1464;3;175000
5395;8;1993;1993;1337;2;180000
8963;8;1976;1996;2715;4;299800
8795;7;2000;2000;2256;4;236000
11700;7;1880;2003;2640;4;265979
10593;7;1996;1996;1720;3;260400
8405;4;1945;1950;1529;4;98000
8800;4;1910;2004;1140;3;96500
7750;7;2003;2003;1320;3;162000
9236;6;1997;1997;1494;3;217000
10240;8;2005;2005;2098;3;275500
7930;6;1969;2005;1026;3;156000
3230;6;1999;1999;1471;3;172500
10769;8;2007;2007;1768;3;212000
11616;6;1978;1978;1386;3;158900
2280;7;1999;1999;1501;3;179400
12257;8;1995;1995;2531;4;290000
9100;6;1959;1959;864;2;127500
6911;5;1924;1950;1301;2;100000
8640;7;2009;2009;1547;3;215200
9430;8;1999;1999;2365;3;337000
9549;8;1995;1996;1494;2;270000
14587;9;2008;2008;1506;2;264132
10421;7;1988;1988;1714;3;196500
12508;6;1940;1985;1750;4;160000
9100;7;2004;2005;1836;3;216837
53504;8;2003;2003;3279;4;538000
7252;5;1982;1982;858;2;134900
8877;4;1951;1951;1220;2;102000
7819;6;1976;1976;1117;3;107000
10150;5;1958;1958;912;2;114500
14226;8;2006;2006;1973;3;395000
4500;6;1998;1998;1204;2;162000
11210;7;2005;2006;1614;3;221500
13350;5;1974;1974;894;3;142500
8400;5;1977;1977;2020;4;144000
10530;6;1977;1977;1004;2;135000
7875;7;1995;1996;1253;3;176000
7153;6;1992;1992;1603;3;175900
16285;7;2001;2002;1430;3;187100
9101;5;1978;1978;1110;1;165500
6300;6;1914;2001;1484;3;128000
9790;6;1967;1967;1342;3;161500
10800;5;1915;1950;1652;4;139000
10142;7;2004;2004;2084;4;233000
6000;4;1954;2000;901;2;107900
12205;6;1966;2007;2087;5;187500
3182;7;2005;2006;1145;2;160200
11333;6;1976;1976;1062;3;146800
9920;7;1996;1997;2013;3;269790
9158;8;2007;2007;1496;3;225000
10832;7;1994;1996;1895;3;194500
8400;6;1980;1981;1564;3;171000
8197;6;1977;1977;1285;3;143500
7677;5;1953;1953;773;2;110000
13518;9;2008;2009;3140;4;485000
7200;5;1937;1950;1768;3;175000
12798;6;1997;1997;1688;4;200000
4800;4;1916;1990;1196;2;109900
8199;7;2005;2005;1456;3;189000
13891;9;2008;2009;2822;4;582933
9000;5;1954;1954;1128;2;118000
12274;7;2008;2008;1428;3;227680
9750;5;1967;1967;980;3;135500
21384;5;1923;2004;1576;3;223500
13400;5;1966;1966;1086;3;159950
8100;5;1898;1965;2138;2;106000
10140;6;1974;1999;1309;3;181000
4438;6;2004;2004;848;1;144500
8712;5;1952;1952;1044;2;55993
9750;6;1958;1958;1442;4;157900
8248;5;1918;1950;1250;3;116000
12137;7;1998;1998;1661;3;224900
11425;5;1954;1954;1008;2;137000
13265;8;2002;2002;1689;3;271000
8816;6;1971;1971;1052;3;155000
6371;7;2009;2010;1358;2;224000
7226;7;2003;2003;1640;3;183000
6000;4;1953;1953;936;2;93000
12394;7;2003;2003;1733;3;225000
9900;6;1940;1950;1489;3;139500
11216;8;2006;2006;1489;3;232600
14803;10;2007;2008;2084;2;385000
6130;5;1924;1950;784;2;109500
8529;7;2001;2001;1434;3;189000
28698;5;1967;1967;2126;3;185000
2544;7;2005;2005;1223;2;147400
11900;6;1957;1957;1392;3;166000
3180;7;2005;2005;1200;2;151000
9548;7;2003;2003;1829;3;237000
10004;6;1964;1964;1516;3;167000
7875;5;1961;1961;1144;3;139950
9600;4;1950;1995;1067;2;128000
8100;5;1948;1973;1559;2;153500
1680;6;1973;1973;987;2;100000
9525;5;1995;2006;1099;3;144000
11767;5;1946;1995;1200;3;130500
12155;6;1925;1950;1482;4;140000
10440;5;1904;2002;1539;3;157500
9020;6;1966;1966;1165;3;174900
8000;5;1961;1961;1800;6;141000
12665;5;1915;1950;1416;4;153900
16647;5;1975;1981;1701;3;171000
9317;7;1993;1993;1775;3;213000
15523;5;1972;1972;864;3;133500
45600;6;1908;1997;2358;5;240000
9600;6;1976;1994;1855;3;187000
4435;6;2003;2003;848;1;131500
3196;8;2003;2003;1456;2;215000
7128;7;1941;1950;1646;4;164000
12095;6;1964;1964;1445;3;158000
17920;5;1955;1974;1779;3;170000
6897;5;1962;2010;1040;3;127000
10970;6;1978;1978;1026;3;147000
8125;6;1994;1995;1481;3;174000
10400;7;1976;1976;1370;3;152000
11029;6;1968;1984;2654;4;250000
7642;7;1918;1998;1426;3;189950
11625;5;1965;1965;1039;3;131500
9672;6;1984;1985;1097;3;152000
7931;5;1959;1959;1148;3;132500
8640;7;2007;2008;1372;3;250580
8750;5;1970;1970;1002;3;148500
10656;8;2006;2007;1646;3;248900
6970;4;1961;1961;1120;3;129000
14762;5;1948;1950;2320;2;169000
9938;7;1993;1994;1949;3;236000
6600;5;1962;1962;894;2;109500
8750;6;1998;1998;1682;3;200500
8892;5;1953;1996;910;3;116000
12144;5;1949;1950;1268;3;133000
5720;5;1941;1950;1131;3;66500
9000;8;2007;2007;2610;4;303477
25286;4;1963;1963;1040;3;132250
8834;9;2004;2005;2224;4;350000
11782;5;1961;1995;1155;3;148000
7000;5;1978;2005;864;3;136500
7024;5;2005;2006;1090;2;157000
13758;7;1990;1991;1717;3;187500
9636;6;1992;1993;1593;3;178000
6204;4;1912;1950;2230;5;118500
7150;5;1967;1967;892;3;100000
5119;9;1999;2000;1709;2;328900
8393;5;1959;2005;1712;4;145000
16466;5;1955;1955;1393;3;135500
15865;8;1970;1970;2217;4;268000
12160;6;1953;1953;1505;2;149500
8064;5;1949;2006;924;3;122900
11184;6;1978;1978;1683;3;172500
8414;6;1963;2003;1068;3;154500
13284;5;1954;1954;1383;3;165000
7018;5;1979;1979;1535;4;118858
7056;6;1963;1963;1796;4;140000
8765;4;1936;1950;951;2;106500
7018;5;1979;1979;2240;6;142953
12919;9;2009;2010;2364;2;611657
6993;5;1961;1994;1236;3;135000
7340;4;1971;1971;858;2;110000
8712;5;1957;2000;1306;2;153000
7875;7;2003;2003;1509;3;180000
14859;7;2006;2006;1670;3;240000
6173;5;1967;1967;902;3;125500
9920;5;1954;1954;1063;3;128000
13501;8;2006;2006;1636;3;255000
11500;7;1936;1987;2057;3;250000
8885;5;1983;1983;902;2;131000
12589;6;2005;2005;1484;3;174000
11600;5;1960;1960;2274;5;154300
9286;5;1977;1989;1268;3;143500
6120;5;1925;1950;1015;3;88000
6270;5;1949;1950;2002;4;145000
3000;6;2009;2009;1224;2;173733
2001;4;1970;1970;1092;3;75000
9000;2;1949;1950;480;1;35311
17140;4;1956;1956;1229;3;135000
13125;7;1991;1991;2127;4;238000
11029;6;1958;2002;1414;3;176500
8462;6;1994;1994;1721;3;201000
8777;5;1900;2003;2200;4;145900
10237;6;2005;2006;1316;3;169990
8012;6;1993;1994;1617;2;193000
10240;6;1980;1980;1686;3;207500
15611;5;1977;1977;1126;3;175000
11999;8;2003;2004;2374;4;285000
9900;7;1968;1968;1978;4;176000
11838;8;2001;2001;1788;3;236500
13006;7;1997;1997;2236;4;222000
8925;8;2007;2007;1466;3;201000
9100;5;1965;1965;925;2;117500
11670;9;2006;2006;1905;3;320000
8487;7;2004;2004;1500;3;190000
27650;7;1960;2007;2069;4;242000
5825;4;1926;1953;747;1;79900
10083;7;2003;2003;1200;2;184900
9675;7;2005;2005;1971;3;253000
8760;7;2006;2006;1962;3;239799
24090;7;1940;1950;2403;4;244400
12640;6;1976;1976;1728;4;150900
8755;7;1999;1999;2060;3;214000
7711;4;1977;1977;1440;4;150000
25000;5;1967;1967;1632;4;143000
14375;6;1958;1958;1344;3;137500
8820;5;1890;1996;1869;2;124900
8163;5;1959;1959;1144;3;143000
14536;8;2002;2003;1629;3;270000
14006;7;2002;2002;1776;3;192500
9360;6;1972;2006;1381;3;197500
7200;5;1950;2002;864;3;129000
7800;5;1965;1965;965;3;119900
7200;5;1972;2003;768;2;133900
11075;5;1969;1969;1968;4;172000
9400;6;1975;1975;980;4;127500
7136;6;1946;1950;1958;4;145000
1300;6;1980;1980;1229;2;124000
7420;5;1962;1962;1057;3;132000
8450;7;2003;2003;1337;3;185000
2572;7;1999;1999;1416;3;155000
7207;5;1958;2008;858;2;116500
12227;6;1977;1995;2872;4;272000
2308;6;1976;1976;1548;3;155000
11923;9;2007;2007;1800;2;239000
11316;7;2002;2003;1894;4;214900
10237;6;2005;2007;1484;3;178900
9600;5;1940;1950;1308;2;160000
7390;5;1955;1955;1098;3;135000
5925;3;1910;1950;968;2;37900
10382;6;1958;1958;1095;2;140000
10800;4;1949;1950;1192;4;135000
2268;7;2003;2004;1626;2;173000
7892;6;1979;1979;918;2;99500
11639;7;2007;2008;1428;3;182000
11414;7;1910;1993;2019;3;167500
2651;7;2000;2000;1382;3;165000
5900;4;1923;1958;869;2;85500
4274;7;2006;2007;1241;1;199900
9450;4;1954;1954;894;3;110000
8816;5;1963;1963;1121;3;139000
12122;7;1961;2007;999;3;178400
12203;8;1998;1999;2612;4;336000
3182;7;2007;2007;1266;2;159895
11250;8;2002;2002;2290;4;255900
10125;5;1977;1977;1734;4;126000
10880;5;1950;1950;1164;3;125000
5310;6;1910;2003;1635;2;117000
10159;9;2009;2010;1940;3;395192
12046;6;1976;1976;2030;4;195000
8125;7;2006;2006;1576;3;197000
9452;8;1997;1998;2392;3;348000
17671;8;1882;1986;1742;4;168000
9760;6;1964;1993;1851;3;187000
8846;6;2005;2006;1500;3;173900
12456;10;2006;2007;1718;3;337500
4712;4;1946;1950;1230;3;121600
10659;5;1961;1961;1050;3;136500
11717;6;1970;1970;1442;2;185000
9786;3;1922;1950;1077;3;91000
6762;7;2006;2006;1208;2;206000
10206;3;1952;1952;944;2;82000
5400;5;1920;1950;691;2;86000
11957;8;2006;2006;1574;3;232000
11500;5;1976;1976;1680;4;136905
3182;7;2005;2006;1504;1;181000
8385;5;1977;1977;985;3;149900
12155;6;1970;1970;1657;3;163500
2217;4;1970;1970;1092;3;88000
12118;7;2004;2005;1710;3;240000
6000;5;1926;1950;1522;4;102000
21286;5;1948;1950;1271;4;135000
9825;5;1965;1965;1664;4;100000
10592;6;1923;1996;1502;3;165000
7200;5;1910;2006;1022;2;85000
11664;6;1948;1950;1082;2;119200
8400;8;2001;2001;1665;3;227000
11883;7;1996;1996;1504;3;203000
5814;8;1984;1984;1360;1;187500
10784;7;1991;1992;1472;3;160000
3013;7;2005;2005;1506;2;213490
7024;4;2005;2005;1132;2;176000
7406;7;2006;2006;1220;2;194000
9439;5;1930;1950;1248;2;87000
3182;7;2005;2006;1504;2;191000
15498;8;1976;1976;2898;2;287000
7700;5;1972;1972;882;3;112500
9300;5;1960;1960;1264;3;167500
9520;8;2007;2008;1646;3;293077
9492;5;1941;1950;1376;3;105000
1680;6;1972;1972;1218;3;118000
7082;5;1916;1995;1928;5;160000
15863;7;1920;1970;3082;5;197000
14541;8;1993;1993;2520;5;310000
8125;7;2002;2002;1654;3;230000
6305;5;1938;1950;954;2;119750
11500;4;1957;1957;845;3;84000
12898;9;2007;2008;1620;2;315500
9240;8;2001;2002;2263;3;287000
1533;4;1970;2008;1344;3;97000
1477;4;1970;1970;630;1;80000
13125;5;1957;2000;1803;3;155000
9130;6;1966;2000;1632;4;173000
5381;6;2005;2005;1306;1;196000
11839;7;1990;1990;2329;4;262280
9600;8;1981;1981;2524;4;278000
13680;3;1955;1955;1733;4;139600
16056;9;2005;2006;2868;4;556581
9245;5;1994;1995;990;3;145000
21750;5;1960;2006;1771;3;115000
11100;4;1946;2006;930;2;84900
8993;7;2007;2007;1302;3;176485
11175;7;2007;2007;1316;3;200141
9500;6;1964;1978;1977;4;165000
8562;5;1957;2002;1526;4;144500
11367;8;2002;2002;1989;3;255000
11361;6;1976;1976;1523;3;180000
7052;7;2005;2005;1364;2;185850
29959;7;1994;1994;1850;3;248000
11308;9;2008;2008;2184;3;335000
11275;6;1932;1950;1991;3;220000
4920;8;2001;2001;1338;2;213500
18000;3;1935;1950;894;2;81000
13600;5;1900;1950;2337;5;90000
6000;6;1925;1980;1103;2;110500
11000;5;1966;1966;1154;3;154000
14000;7;1996;1997;2260;3;328000
7837;6;1993;1994;1571;3;178000
9760;6;1964;1964;1611;4;167900
3964;6;1973;1973;2521;5;151400
9600;5;1949;2003;893;2;135000
10152;5;1956;1956;1048;3;135000
11700;6;1968;1968;1556;4;154000
7585;5;1948;1950;1456;4;91500
7950;6;1977;1977;1426;3;159500
8556;7;2006;2006;1240;2;194000
13125;7;1940;1984;1740;3;219500
10800;5;1936;1989;1466;3;170000
15870;5;1969;1969;1096;3;138800
4435;6;2004;2004;848;1;155900
8775;5;1994;1994;990;3;126000
11040;6;1971;2004;1258;3;145000
7500;5;1963;1963;1040;3;133000
8749;7;2002;2002;1459;3;192000
8800;6;1964;1964;1251;3;160000
13031;6;1995;1996;1498;3;187500
9069;6;1992;1992;996;2;147000
1974;4;1973;1973;1092;3;83500
10574;8;2005;2006;1953;3;252000
2522;7;2004;2004;1709;3;137500
3316;8;2005;2005;1247;1;197000
8544;3;1950;1950;1040;2;92900
2160;7;1999;2000;1252;2;160000
8400;6;1925;1950;1694;4;136500
9230;5;1965;1998;1200;1;146000
5868;5;1956;2000;936;2;129000
9317;6;2006;2006;1314;3;176432
6882;6;1914;2006;1355;3;127000
3696;8;1986;1986;1088;2;170000
6000;4;1936;1950;1324;3;128000
11880;7;1978;1978;1601;3;157000
8400;2;1920;1950;438;1;60000
9758;5;1971;1971;950;3;119500
7000;5;1960;2002;1134;2;135000
8910;6;1959;1959;1194;3;159500
2016;5;1970;1970;1302;3;106000
12256;8;1994;1995;2622;3;325000
10357;7;1990;1991;1442;3;179900
23257;7;2006;2006;2021;3;274725
8063;6;2000;2000;1690;3;181000
11362;8;2004;2005;1836;3;280000
8000;6;1995;1996;1658;3;188000
10480;7;1976;1976;1964;4;205000
7100;5;1957;1957;816;2;129900
8923;5;1953;2006;1008;2;134500
5400;5;1954;2000;833;2;117000
12085;8;2007;2007;1734;3;318000
7750;8;2002;2002;1419;3;184100
9764;5;1967;2003;894;3;130000
13825;5;1958;1987;1601;3;140000
7560;5;1959;1959;1040;3;133700
8263;6;1920;1950;1012;2;118400
10084;7;2005;2006;1552;3;212900
8926;4;1956;1956;960;3;112000
9405;5;1947;2008;698;2;118000
9125;7;1992;1992;1482;3;163900
10434;4;1955;1955;1005;2;115000
3684;7;2007;2007;1555;2;174000
14572;7;2004;2004;1530;3;259000
11796;7;2004;2005;1959;4;215000
7200;5;1980;1980;936;2;140000
7804;4;1928;1950;1981;4;135000
10712;5;1991;1992;974;3;93500
9900;6;1880;1950;2210;5;117500
9828;8;1995;1995;2020;3;239500
8773;6;1997;1997;1600;3;169000
6180;6;1926;1950;986;2;102000
9600;6;1950;1950;1252;3;119000
6342;5;1875;1996;1020;2;94000
9819;6;1977;1977;1567;2;196000
8731;5;1920;1950;1167;3;144000
7350;5;1951;1951;952;2;139000
10304;5;1976;1976;1868;4;197500
9965;8;2006;2007;2828;4;424870
9000;5;1959;1959;1006;3;80000
12180;4;1941;1950;924;2;80000
6240;5;1928;1950;1576;3;149000
11200;6;1985;1985;1298;3;180000
12000;7;1941;1950;1564;3;174500
5700;7;1926;1950;1111;2;116900
9000;7;1920;1988;1482;3;143000
8280;6;1950;1950;932;2;124000
17755;5;1959;1959;1466;3;149900
14115;6;1956;2004;1811;2;230000
5890;6;1930;2007;816;2;120500
13700;7;1965;1988;1820;4;201800
10768;5;1976;2004;1437;3;218000
9350;5;1965;1999;1265;3;179900
5001;7;2007;2008;1314;2;230000
11932;8;2007;2008;1580;3;235128
9120;6;1974;1974;1876;4;185000
2280;6;1978;1978;1456;3;146000
14778;6;1954;2006;1640;3;224000
8724;5;1968;1968;894;3;129000
12900;4;1969;1969;1258;0;108959
16157;5;1978;1978;1432;2;194000
9541;7;2009;2009;1502;3;233170
10475;8;2008;2008;1694;3;245350
10852;6;2000;2000;1671;3;173000
13728;6;1935;1986;2108;4;235000
35760;10;1995;1996;3627;4;625000
9880;6;1977;1977;1118;3;171000
9120;6;1958;1958;1261;3;163000
4017;7;2006;2007;1250;2;171900
18030;5;1946;1994;3086;3;200500
16560;6;1932;1950;2345;4;239000
10678;8;1992;2000;2872;4;285000
6951;5;1984;1985;923;3;119500
3950;6;1926;2004;1224;3;115000
7681;5;1921;1950;1343;3;154900
8335;5;1954;1954;1124;3;93000
11170;7;1990;1991;2514;4;250000
5587;8;2008;2008;1652;2;392500
15623;10;1996;1996;4476;4;745000
10800;5;1920;1950;1130;2;120000
35133;5;1963;1963;1572;3;186700
9738;5;1924;1950;1221;4;104900
10615;3;1900;1970;1699;3;95000
12461;8;1994;1995;1624;2;262000
8935;7;2002;2002;1660;3;195000
7500;7;1999;1999;1804;3;189000
32463;4;1961;1975;1622;3;168000
2645;8;1999;2000;1441;2;174000
9600;5;1925;1994;1472;3;125000
4500;6;1999;1999;1224;2;165000
9364;6;1969;1969;1352;4;158000
8029;6;2005;2005;1456;3;176000
14054;7;2006;2006;1863;4;219210
8850;7;1916;1950;1690;3;144000
9100;7;2001;2001;1212;3;178000
11235;4;1963;1979;1382;3;148000
9353;4;1970;1970;864;3;116050
10400;7;1998;1998;1779;3;197900
6000;5;1925;1997;1348;3;117000
9750;7;2000;2001;1630;3;213000
10140;5;1975;1975;1074;3;153500
14684;7;1990;1991;2196;3;271900
8900;4;1966;1966;1056;2;107000
9135;6;2003;2003;1700;3;200000
7763;5;1962;1980;1283;3;140000
10182;8;2006;2006;1660;3;290000
11218;6;1992;1992;1845;3;189000
12134;8;1988;2005;1752;4;164000
9340;4;1941;1950;672;2;113000
10246;4;1965;2001;960;0;145000
10205;5;1962;1962;999;3;134500
7094;5;1966;1966;894;3;125000
8930;6;1978;1978;1902;4;112000
8640;8;2009;2009;1314;3;229456
6240;4;1947;1950;912;2;80500
1680;6;1971;1971;1218;3;91500
7800;5;1964;1964;912;2;115000
8250;5;1968;1968;1211;3;134000
10496;6;1949;1950;1846;3;143000
10680;5;1951;1951;2136;4;137900
15384;7;2004;2005;1490;3;184000
10482;6;1958;1958;1138;3;145000
14598;6;2007;2007;1933;4;214000
8872;5;1965;2008;912;2;147000
8769;9;2008;2008;1702;1;367294
7910;5;1960;1960;1507;4;127000
18890;5;1977;1977;2620;4;190000
7728;5;1962;1962;1190;3;132500
9842;4;1962;1962;1224;2;101800
12160;5;1959;1959;1188;3;142000
8525;5;1911;1950;1964;4;130000
13132;5;1914;1950;1784;4;138887
2628;7;2003;2003;1626;2;175500
12393;7;2004;2005;1948;4;195000
13072;6;2005;2005;1141;3;142500
9037;8;2006;2006;1484;2;265900
8158;7;2003;2003;1768;3;224900
9849;7;2007;2007;1689;3;248328
10625;7;1974;1974;1173;3;170000
13891;10;2006;2006;2076;2;465000
11435;8;1929;1950;1517;3;230000
12090;6;1984;2003;1868;3;178000
8125;7;2005;2006;1553;3;186500
12328;6;1976;1976;1034;3;169900
9600;6;1917;1950;2058;3;129500
7200;5;1950;1950;988;3;119000
11160;7;1968;1968;2110;3;244000
3136;7;2003;2003;1405;2;171750
9858;5;1968;1968;874;3;130000
17542;7;1974;2003;2167;3;294000
6931;7;2003;2004;1656;3;165400
6240;6;1931;1950;1367;3;127500
14303;8;1994;1994;1987;2;301500
4060;5;1922;1950;864;2;99900
9587;7;2005;2005;1166;2;190000
9750;6;1969;1969;1054;3;151000
24682;6;1999;1999;1675;3;181000
9600;5;1956;1956;1050;2;128900
11250;4;1957;1989;1788;5;161500
13515;6;1919;1950;1824;3;180500
4060;6;1998;1999;1337;2;181000
3735;7;1999;1999;1452;3;183900
10120;7;1910;1950;1889;4;122000
13214;9;2008;2009;2018;3;378500
14100;8;1935;1997;3447;4;381000
11344;5;1958;1958;1524;3;144000
23595;7;1979;1979;1524;0;260000
9156;6;1968;1968;1489;3;185750
13526;5;1965;1965;935;3;137000
11512;6;1959;2006;1357;2;177000
5362;5;1910;2003;1250;3;139000
11345;5;1948;1950;1920;4;137000
12936;6;1972;1972;1395;3;162000
17871;6;1967;1976;1724;3;197900
9473;8;2002;2002;2031;3;237000
7500;4;1920;1950;1128;2;68400
9808;7;2002;2002;1573;3;227000
8049;7;1990;1990;1339;2;180000
8800;5;1977;2008;1040;3;150500
9400;6;1971;1971;1824;4;139000
9638;6;1919;1990;2447;4;169000
6000;6;1939;1950;1412;4;132500
9790;6;1963;1963;1328;3;143000
36500;5;1964;1964;1582;4;190000
5664;8;2000;2000;1659;2;278000
11065;8;2006;2006;1970;3;281000
14112;5;1964;1964;1152;3;180500
1680;5;1972;1972;1302;3;119500
6600;5;1892;1965;2372;4;107500
10140;7;1976;1976;1664;4;162900
8172;5;1955;1990;864;2;115000
8400;5;1968;1968;1052;3;138500
8700;5;1963;1963;1128;3;155000
3675;6;2005;2006;1072;2;140000
63887;10;2008;2008;5642;3;160000
7500;5;1959;1994;1246;3;154000
10762;7;1999;1999;1983;3;225000
7500;6;1942;1950;1494;3;177500
10120;8;1994;1994;2526;4;290000
8688;7;2005;2005;1616;3;232000
3363;7;2004;2004;1708;3;130000
13173;9;2006;2007;1652;2;325000
6955;7;2005;2006;1368;2;202500
8072;5;1994;1995;990;3;138000
12000;5;1948;2005;1122;2;147000
7153;6;1991;1991;1294;3;179200
17500;7;1959;2002;1902;3;335000
8814;7;2005;2007;1274;3;203000
9572;8;1990;1990;2810;4;302000
14774;9;1999;1999;2599;4;333168
8190;4;1954;1954;948;3;119000
11075;6;1969;1969;2112;4;206900
10226;8;2008;2008;1630;3;295493
4230;7;2006;2007;1352;2;208900
14781;8;2001;2002;1787;3;275000
10215;4;1954;1954;948;3;111000
8400;6;1957;1957;1478;3;156500
6627;3;1949;1950;720;2;72500
10186;7;1992;1992;1923;3;190000
5330;4;1940;1950;708;2;82500
9986;8;2006;2007;1795;2;147000
3636;4;1922;1950;796;2;55000
4270;3;1931;2006;774;3;79000
6600;5;1982;2008;816;3;130500
10440;6;1920;1950;2792;5;256000
9084;7;1998;1998;1632;3;176500
10000;8;2006;2006;1588;3;227000
10780;5;1976;1976;954;3;132500
8877;4;1938;1958;816;2;100000
7200;5;1938;1995;1360;2;125500
2368;5;1970;1970;1365;3;125000
9650;6;1977;1977;1334;2;167900
9246;5;1973;1973;1656;4;135000
4118;4;1941;1950;693;2;52500
13450;7;2002;2002;1861;3;200000
9560;5;1972;1972;864;3;128500
8294;4;1971;1971;872;3;123000
13695;6;2003;2004;1114;3;155000
9375;8;2002;2002;2169;3;228500
7558;6;1928;1950;1913;3;177000
11103;7;2006;2006;1456;3;155835
6000;4;1920;1950;960;2;108500
20781;7;1968;2003;2156;3;262500
15306;8;2006;2007;1776;3;283463
16196;7;1998;1998;1494;3;215000
5250;8;1872;1987;2358;4;122000
11643;5;1969;1969;2634;6;200000
9247;6;1962;1962;1716;4;171000
6000;6;1937;2000;1176;2;134900
14720;8;1995;1996;3238;4;410000
10316;7;2000;2000;1865;3;235000
10192;7;1968;1992;1920;4;170000
9477;5;1966;1966;892;3;110000
12537;5;1971;2008;1078;3;149900
2117;6;2000;2000;1573;3;177500
16737;9;2004;2005;1980;3;315000
9842;5;1921;1998;2601;4;189000
16158;7;2005;2005;1530;3;260000
12513;4;1920;2007;1738;4;104900
8499;6;2006;2007;1412;3;156932
3180;7;2005;2005;1200;2;144152
7500;7;2000;2000;1674;3;216000
9179;7;1999;1999;1790;3;193000
2665;5;1977;1977;1475;4;127000
4435;6;2003;2004;848;1;144000
10635;8;2003;2003;1668;3;232000
5400;4;1920;1950;1374;2;105000
9600;6;1955;1996;1661;3;165500
9750;7;1998;1998;2097;3;274300
11400;10;2001;2002;2633;2;466500
10625;7;2005;2005;1958;3;250000
10991;8;2007;2007;1571;3;239000
6292;6;1930;1950;790;2;91000
10998;5;1941;1960;1604;3;117000
1953;6;1973;1973;987;2;83000
9735;5;2006;2007;1394;3;167500
8212;3;1914;1950;864;2;58500
12925;6;1970;1970;2117;4;237500
7200;7;1920;1950;1762;4;157000
25339;5;1918;2007;1416;3;112000
9060;6;1939;1950;1258;2;105000
5436;4;1922;2007;1154;3;125500
16692;7;1978;1978;2784;5;250000
8520;6;1916;1950;2526;5;136000
14892;9;2006;2007;1746;3;377500
6000;6;1941;1950;1218;3;131000
9100;7;2000;2000;1525;3;235000
8944;5;1967;1967;1584;4;124000
7838;5;1967;1967;900;3;123000
10800;6;1905;2000;1912;3;163000
4045;7;2006;2006;1500;2;246578
12665;8;2005;2006;2482;4;281213
57200;5;1948;1950;1687;3;160000
6120;5;1920;2004;1513;4;137500
7200;5;1950;1982;1904;3;138000
6171;6;1925;1990;1608;3;137450
6000;6;1929;1950;1158;3;120000
7415;6;2004;2004;1593;3;193000
6762;7;2006;2006;1294;2;193879
15256;8;2007;2007;1464;3;282922
10410;3;1915;1950;1214;3;105000
3842;8;2004;2005;1646;2;275000
8445;5;1972;2007;768;2;133000
8780;5;1985;1985;833;3;112000
7740;4;1910;1950;1363;3;125500
20544;7;1986;1991;2093;3;215000
12420;7;2001;2001;1840;3;230000
9600;6;1950;2005;1668;3;140000
7200;4;1949;1950;1040;2;90000
10994;8;2005;2006;1844;2;257000
13053;6;1923;2000;1848;4;207000
3635;7;2007;2007;1569;1;175900
11340;4;1885;1950;2290;4;122500
16545;8;1998;1998;2450;3;340000
9204;5;1963;1963;1144;3;124000
16381;6;1969;1969;1844;3;223000
11700;6;1968;1968;1416;3;179900
4043;6;1977;1977;1069;2;127500
4435;6;2003;2003;848;1;136500
19690;6;1966;1966;2201;4;274970
9503;5;1958;1983;1344;2;144000
10721;6;1959;1959;1252;3;142000
10944;7;1994;1994;2127;3;271000
10930;5;1945;1950;1558;3;140000
7200;5;1940;1992;804;2;119000
12546;6;1981;1981;1440;3;182900
21930;5;2005;2005;1838;4;192140
4928;6;1976;1976;958;2;143750
10800;4;1927;2007;968;4;64500
10261;6;2000;2000;1792;3;186500
17400;5;1977;1977;1126;3;160000
8400;6;1962;2005;1537;3;174000
9000;4;1971;1971;864;3;120500
12444;8;2008;2008;1932;2;394617
7407;6;1957;1996;1236;2;149700
11584;7;1979;1979;1725;3;197000
11526;6;1922;1994;2555;3;191000
4426;6;2004;2004;848;1;149300
11003;10;2008;2008;2007;3;310000
8854;6;1916;1950;952;2;121000
8500;7;2004;2004;1422;3;179600
8400;6;1966;1966;913;3;129000
26142;5;1962;1962;1188;3;157900
10000;8;1995;1996;2090;3;240000
11767;4;1910;2000;1346;2;112000
1533;5;1970;1970;630;1;92000
9000;5;1974;1974;1792;4;136000
9262;8;2008;2009;1578;3;287090
3675;5;2005;2005;1072;2;145000
17217;5;2006;2006;1140;3;84500
7500;7;2004;2005;1221;2;185000
7917;6;1999;2000;1647;3;175000
13175;6;1978;1988;2073;3;210000
9042;7;1941;2006;2340;4;266500
9717;5;1950;1996;1078;2;142125